source_url,market,dataset,symbol,interval,period_start,period_end,remote_size_bytes,checksum_url,discovered_at_utc
https://data.binance.vision/data/futures/um/daily/metrics/ADAUSDT/ADAUSDT-metrics-2024-01-15.zip,futures,metrics,ADAUSDT,,2024-01-15,2024-01-15,11479,https://data.binance.vision/data/futures/um/daily/metrics/ADAUSDT/ADAUSDT-metrics-2024-01-15.zip.CHECKSUM,2026-10-06T03:57:37Z
https://data.binance.vision/data/futures/um/daily/metrics/ATOMUSDT/ATOMUSDT-metrics-2023-06-10.zip,futures,metrics,ATOMUSDT,,2023-06-10,2023-06-10,14563,https://data.binance.vision/data/futures/um/daily/metrics/ATOMUSDT/ATOMUSDT-metrics-2023-06-10.zip.CHECKSUM,2026-10-06T03:57:37Z
https://data.binance.vision/data/futures/um/daily/metrics/LINKUSDT/LINKUSDT-metrics-2024-06-15.zip,futures,metrics,LINKUSDT,,2024-06-15,2024-06-15,11418,https://data.binance.vision/data/futures/um/daily/metrics/LINKUSDT/LINKUSDT-metrics-2024-06-15.zip.CHECKSUM,2026-10-06T03:57:37Z
https://data.binance.vision/data/futures/um/daily/metrics/DOTUSDT/DOTUSDT-metrics-2023-11-20.zip,futures,metrics,DOTUSDT,,2023-11-20,2023-11-20,11431,https://data.binance.vision/data/futures/um/daily/metrics/DOTUSDT/DOTUSDT-metrics-2023-11-20.zip.CHECKSUM,2026-10-06T03:57:37Z
https://data.binance.vision/data/futures/um/monthly/fundingRate/ADAUSDT/ADAUSDT-fundingRate-2024-01.zip,futures,fundingRate,ADAUSDT,,2024-01,2024-01,670,https://data.binance.vision/data/futures/um/monthly/fundingRate/ADAUSDT/ADAUSDT-fundingRate-2024-01.zip.CHECKSUM,2026-10-06T03:57:37Z
https://data.binance.vision/data/futures/um/monthly/fundingRate/ATOMUSDT/ATOMUSDT-fundingRate-2023-06.zip,futures,fundingRate,ATOMUSDT,,2023-06,2023-06,943,https://data.binance.vision/data/futures/um/monthly/fundingRate/ATOMUSDT/ATOMUSDT-fundingRate-2023-06.zip.CHECKSUM,2026-10-06T03:57:37Z
https://data.binance.vision/data/futures/um/monthly/fundingRate/LINKUSDT/LINKUSDT-fundingRate-2024-06.zip,futures,fundingRate,LINKUSDT,,2024-06,2024-06,757,https://data.binance.vision/data/futures/um/monthly/fundingRate/LINKUSDT/LINKUSDT-fundingRate-2024-06.zip.CHECKSUM,2026-10-06T03:57:37Z
https://data.binance.vision/data/futures/um/monthly/klines/ADAUSDT/1h/ADAUSDT-1h-2024-01.zip,futures,klines,ADAUSDT,1h,2024-01,2024-01,33842,https://data.binance.vision/data/futures/um/monthly/klines/ADAUSDT/1h/ADAUSDT-1h-2024-01.zip.CHECKSUM,2026-10-06T03:57:37Z
https://data.binance.vision/data/futures/um/monthly/klines/ATOMUSDT/1h/ATOMUSDT-1h-2023-06.zip,futures,klines,ATOMUSDT,1h,2023-06,2023-06,33066,https://data.binance.vision/data/futures/um/monthly/klines/ATOMUSDT/1h/ATOMUSDT-1h-2023-06.zip.CHECKSUM,2026-10-06T03:57:37Z
https://data.binance.vision/data/futures/um/monthly/klines/LINKUSDT/1h/LINKUSDT-1h-2024-06.zip,futures,klines,LINKUSDT,1h,2024-06,2024-06,33989,https://data.binance.vision/data/futures/um/monthly/klines/LINKUSDT/1h/LINKUSDT-1h-2024-06.zip.CHECKSUM,2026-10-06T03:57:37Z
https://data.binance.vision/data/futures/um/daily/klines/ADAUSDT/1d/ADAUSDT-1d-2024-01-15.zip,futures,klines,ADAUSDT,1d,2024-01-15,2024-01-15,347,https://data.binance.vision/data/futures/um/daily/klines/ADAUSDT/1d/ADAUSDT-1d-2024-01-15.zip.CHECKSUM,2026-10-06T03:57:37Z
https://data.binance.vision/data/spot/monthly/klines/ADAUSDT/1h/ADAUSDT-1h-2024-01.zip,spot,klines,ADAUSDT,1h,2024-01,2024-01,36113,https://data.binance.vision/data/spot/monthly/klines/ADAUSDT/1h/ADAUSDT-1h-2024-01.zip.CHECKSUM,2026-10-06T03:57:37Z
https://data.binance.vision/data/spot/monthly/klines/ATOMUSDT/1h/ATOMUSDT-1h-2022-06.zip,spot,klines,ATOMUSDT,1h,2022-06,2022-06,32120,https://data.binance.vision/data/spot/monthly/klines/ATOMUSDT/1h/ATOMUSDT-1h-2022-06.zip.CHECKSUM,2026-10-06T03:57:37Z
https://data.binance.vision/data/spot/monthly/klines/LINKUSDT/1h/LINKUSDT-1h-2024-06.zip,spot,klines,LINKUSDT,1h,2024-06,2024-06,34350,https://data.binance.vision/data/spot/monthly/klines/LINKUSDT/1h/LINKUSDT-1h-2024-06.zip.CHECKSUM,2026-10-06T03:57:37Z
https://data.binance.vision/data/spot/daily/klines/ADAUSDT/1d/ADAUSDT-1d-2024-01-15.zip,spot,klines,ADAUSDT,1d,2024-01-15,2024-01-15,229,https://data.binance.vision/data/spot/daily/klines/ADAUSDT/1d/ADAUSDT-1d-2024-01-15.zip.CHECKSUM,2026-10-06T03:57:37Z
https://data.binance.vision/data/spot/monthly/klines/ADAUSDT/5m/ADAUSDT-5m-2024-01.zip,spot,klines,ADAUSDT,5m,2024-01,2024-01,377049,https://data.binance.vision/data/spot/monthly/klines/ADAUSDT/5m/ADAUSDT-5m-2024-01.zip.CHECKSUM,2026-10-06T03:57:37Z
https://data.binance.vision/data/spot/monthly/klines/ADAUSDT/1d/ADAUSDT-1d-2022-06.zip,spot,klines,ADAUSDT,1d,2022-06,2022-06,1886,https://data.binance.vision/data/spot/monthly/klines/ADAUSDT/1d/ADAUSDT-1d-2022-06.zip.CHECKSUM,2026-10-06T03:57:37Z
https://data.binance.vision/data/spot/monthly/klines/DOTUSDT/1d/DOTUSDT-1d-2022-06.zip,spot,klines,DOTUSDT,1d,2022-06,2022-06,1731,https://data.binance.vision/data/spot/monthly/klines/DOTUSDT/1d/DOTUSDT-1d-2022-06.zip.CHECKSUM,2026-10-06T03:57:37Z
