key,status,market,dataset,symbol,interval,period_start,period_end,bytes,fetched_at_utc,checksum_status,checksum_sha256,attempts,path,note,source_url
futures|metrics|ADAUSDT||2024-01-15|2024-01-15,success,futures,metrics,ADAUSDT,,2024-01-15,2024-01-15,11479,2026-10-06T03:57:58Z,verified,7505b656872a949625a769c3971f12b78f5b9e861a560e16855c3da8745f9e23,1,C:\Users\Administrator\Desktop\川沐十倍币筛选\data\archive_raw\futures\metrics\ADAUSDT\no_interval\ADAUSDT-metrics-2024-01-15.zip,"csv=ADAUSDT-metrics-2024-01-15.csv, cols=8, header=yes, ts=unknown；来源校验值一致",https://data.binance.vision/data/futures/um/daily/metrics/ADAUSDT/ADAUSDT-metrics-2024-01-15.zip
futures|metrics|ATOMUSDT||2023-06-10|2023-06-10,success,futures,metrics,ATOMUSDT,,2023-06-10,2023-06-10,14563,2026-10-06T03:58:00Z,verified,183e9452061b0f4edecb9c53d945a0278d1e24bca7ca41a3952236724aa6c276,1,C:\Users\Administrator\Desktop\川沐十倍币筛选\data\archive_raw\futures\metrics\ATOMUSDT\no_interval\ATOMUSDT-metrics-2023-06-10.zip,"csv=ATOMUSDT-metrics-2023-06-10.csv, cols=8, header=yes, ts=unknown；来源校验值一致",https://data.binance.vision/data/futures/um/daily/metrics/ATOMUSDT/ATOMUSDT-metrics-2023-06-10.zip
futures|metrics|LINKUSDT||2024-06-15|2024-06-15,success,futures,metrics,LINKUSDT,,2024-06-15,2024-06-15,11418,2026-10-06T03:58:02Z,verified,f08cf339f550a8a0ba71e1960e74515a1a0560b8de996f610118121c839d00c4,1,C:\Users\Administrator\Desktop\川沐十倍币筛选\data\archive_raw\futures\metrics\LINKUSDT\no_interval\LINKUSDT-metrics-2024-06-15.zip,"csv=LINKUSDT-metrics-2024-06-15.csv, cols=8, header=yes, ts=unknown；来源校验值一致",https://data.binance.vision/data/futures/um/daily/metrics/LINKUSDT/LINKUSDT-metrics-2024-06-15.zip
futures|metrics|DOTUSDT||2023-11-20|2023-11-20,success,futures,metrics,DOTUSDT,,2023-11-20,2023-11-20,11431,2026-10-06T03:58:03Z,verified,2bf0eaec0a26a83b1a614728c53ea623334aec8ed8af9df4792fec41789d48e0,1,C:\Users\Administrator\Desktop\川沐十倍币筛选\data\archive_raw\futures\metrics\DOTUSDT\no_interval\DOTUSDT-metrics-2023-11-20.zip,"csv=DOTUSDT-metrics-2023-11-20.csv, cols=8, header=yes, ts=unknown；来源校验值一致",https://data.binance.vision/data/futures/um/daily/metrics/DOTUSDT/DOTUSDT-metrics-2023-11-20.zip
futures|fundingRate|ADAUSDT||2024-01|2024-01,success,futures,fundingRate,ADAUSDT,,2024-01,2024-01,670,2026-10-06T03:58:05Z,verified,556bdb1b34faf97f266989be2a545d49cba0a7862091fa4c9600fd47f10c23c7,1,C:\Users\Administrator\Desktop\川沐十倍币筛选\data\archive_raw\futures\fundingRate\ADAUSDT\no_interval\ADAUSDT-fundingRate-2024-01.zip,"csv=ADAUSDT-fundingRate-2024-01.csv, cols=3, header=yes, ts=ms；来源校验值一致",https://data.binance.vision/data/futures/um/monthly/fundingRate/ADAUSDT/ADAUSDT-fundingRate-2024-01.zip
futures|fundingRate|ATOMUSDT||2023-06|2023-06,success,futures,fundingRate,ATOMUSDT,,2023-06,2023-06,943,2026-10-06T03:58:07Z,verified,0af011c639501119391662016327449982c6dd0ab4ee7346fa79d426e1bb8931,1,C:\Users\Administrator\Desktop\川沐十倍币筛选\data\archive_raw\futures\fundingRate\ATOMUSDT\no_interval\ATOMUSDT-fundingRate-2023-06.zip,"csv=ATOMUSDT-fundingRate-2023-06.csv, cols=3, header=yes, ts=ms；来源校验值一致",https://data.binance.vision/data/futures/um/monthly/fundingRate/ATOMUSDT/ATOMUSDT-fundingRate-2023-06.zip
futures|fundingRate|LINKUSDT||2024-06|2024-06,success,futures,fundingRate,LINKUSDT,,2024-06,2024-06,757,2026-10-06T03:58:10Z,verified,ed259e3baf5dd43e03751fdfc78b35e5978c7c7dd01a61b0dbe29d0d09b2de83,1,C:\Users\Administrator\Desktop\川沐十倍币筛选\data\archive_raw\futures\fundingRate\LINKUSDT\no_interval\LINKUSDT-fundingRate-2024-06.zip,"csv=LINKUSDT-fundingRate-2024-06.csv, cols=3, header=yes, ts=ms；来源校验值一致",https://data.binance.vision/data/futures/um/monthly/fundingRate/LINKUSDT/LINKUSDT-fundingRate-2024-06.zip
futures|klines|ADAUSDT|1h|2024-01|2024-01,success,futures,klines,ADAUSDT,1h,2024-01,2024-01,33842,2026-10-06T03:58:12Z,verified,d71ac8948df0b3d778b0b0738d6c4b91ac6b778fb20e0258214c1c23ea1b228b,1,C:\Users\Administrator\Desktop\川沐十倍币筛选\data\archive_raw\futures\klines\ADAUSDT\1h\ADAUSDT-1h-2024-01.zip,"csv=ADAUSDT-1h-2024-01.csv, cols=12, header=yes, ts=ms；来源校验值一致",https://data.binance.vision/data/futures/um/monthly/klines/ADAUSDT/1h/ADAUSDT-1h-2024-01.zip
futures|klines|ATOMUSDT|1h|2023-06|2023-06,budget_stopped,futures,klines,ATOMUSDT,1h,2023-06,2023-06,0,,n/a,,0,,已达文件数上限 8,https://data.binance.vision/data/futures/um/monthly/klines/ATOMUSDT/1h/ATOMUSDT-1h-2023-06.zip
futures|klines|LINKUSDT|1h|2024-06|2024-06,budget_stopped,futures,klines,LINKUSDT,1h,2024-06,2024-06,0,,n/a,,0,,已达文件数上限 8；未开始,https://data.binance.vision/data/futures/um/monthly/klines/LINKUSDT/1h/LINKUSDT-1h-2024-06.zip
futures|klines|ADAUSDT|1d|2024-01-15|2024-01-15,budget_stopped,futures,klines,ADAUSDT,1d,2024-01-15,2024-01-15,0,,n/a,,0,,已达文件数上限 8；未开始,https://data.binance.vision/data/futures/um/daily/klines/ADAUSDT/1d/ADAUSDT-1d-2024-01-15.zip
spot|klines|ADAUSDT|1h|2024-01|2024-01,budget_stopped,spot,klines,ADAUSDT,1h,2024-01,2024-01,0,,n/a,,0,,已达文件数上限 8；未开始,https://data.binance.vision/data/spot/monthly/klines/ADAUSDT/1h/ADAUSDT-1h-2024-01.zip
spot|klines|ATOMUSDT|1h|2022-06|2022-06,budget_stopped,spot,klines,ATOMUSDT,1h,2022-06,2022-06,0,,n/a,,0,,已达文件数上限 8；未开始,https://data.binance.vision/data/spot/monthly/klines/ATOMUSDT/1h/ATOMUSDT-1h-2022-06.zip
spot|klines|LINKUSDT|1h|2024-06|2024-06,budget_stopped,spot,klines,LINKUSDT,1h,2024-06,2024-06,0,,n/a,,0,,已达文件数上限 8；未开始,https://data.binance.vision/data/spot/monthly/klines/LINKUSDT/1h/LINKUSDT-1h-2024-06.zip
spot|klines|ADAUSDT|1d|2024-01-15|2024-01-15,budget_stopped,spot,klines,ADAUSDT,1d,2024-01-15,2024-01-15,0,,n/a,,0,,已达文件数上限 8；未开始,https://data.binance.vision/data/spot/daily/klines/ADAUSDT/1d/ADAUSDT-1d-2024-01-15.zip
spot|klines|ADAUSDT|5m|2024-01|2024-01,budget_stopped,spot,klines,ADAUSDT,5m,2024-01,2024-01,0,,n/a,,0,,已达文件数上限 8；未开始,https://data.binance.vision/data/spot/monthly/klines/ADAUSDT/5m/ADAUSDT-5m-2024-01.zip
spot|klines|ADAUSDT|1d|2022-06|2022-06,budget_stopped,spot,klines,ADAUSDT,1d,2022-06,2022-06,0,,n/a,,0,,已达文件数上限 8；未开始,https://data.binance.vision/data/spot/monthly/klines/ADAUSDT/1d/ADAUSDT-1d-2022-06.zip
spot|klines|DOTUSDT|1d|2022-06|2022-06,budget_stopped,spot,klines,DOTUSDT,1d,2022-06,2022-06,0,,n/a,,0,,已达文件数上限 8；未开始,https://data.binance.vision/data/spot/monthly/klines/DOTUSDT/1d/DOTUSDT-1d-2022-06.zip
