key,market,dataset,kind,symbol,period,file,rows_read,bytes_read,header_present,time_unit_dominant,time_unit_counts,unit_mix_rows,min_dt,max_dt,date_match,unsorted_count,dup_time_count,col_changes,null_or_nonfinite,ohlc_violations,neg_funding_count,status,notes
futures-cm|fundingRate|AAVEUSD_PERP||2022-07-01|2022-07-31,futures-cm,fundingRate,monthly,AAVEUSD_PERP,2022-07-01,C:\Users\Administrator\Desktop\川沐十倍币筛选\data\archive_raw\futures-cm\fundingRate\AAVEUSD_PERP\no_interval\AAVEUSD_PERP-fundingRate-2022-07.zip,90,2505,yes,ms,ms:90,0,2022-07-01,2022-07-30,yes,0,0,0,0,0,24,ok,
futures-cm|fundingRate|CHZUSD_PERP||2022-12-01|2022-12-31,futures-cm,fundingRate,monthly,CHZUSD_PERP,2022-12-01,C:\Users\Administrator\Desktop\川沐十倍币筛选\data\archive_raw\futures-cm\fundingRate\CHZUSD_PERP\no_interval\CHZUSD_PERP-fundingRate-2022-12.zip,90,2495,yes,ms,ms:90,0,2022-12-01,2022-12-30,yes,0,0,0,0,0,14,ok,
futures-cm|fundingRate|GMTUSD_PERP||2022-07-01|2022-07-31,futures-cm,fundingRate,monthly,GMTUSD_PERP,2022-07-01,C:\Users\Administrator\Desktop\川沐十倍币筛选\data\archive_raw\futures-cm\fundingRate\GMTUSD_PERP\no_interval\GMTUSD_PERP-fundingRate-2022-07.zip,90,2517,yes,ms,ms:90,0,2022-07-01,2022-07-30,yes,0,0,0,0,0,40,ok,
futures-cm|fundingRate|SANDUSD_PERP||2022-08-01|2022-08-31,futures-cm,fundingRate,monthly,SANDUSD_PERP,2022-08-01,C:\Users\Administrator\Desktop\川沐十倍币筛选\data\archive_raw\futures-cm\fundingRate\SANDUSD_PERP\no_interval\SANDUSD_PERP-fundingRate-2022-08.zip,90,2526,yes,ms,ms:90,0,2022-08-01,2022-08-30,yes,0,0,0,0,0,45,ok,
futures-cm|fundingRate|AAVEUSD_PERP||2025-01-01|2025-01-31,futures-cm,fundingRate,monthly,AAVEUSD_PERP,2025-01-01,C:\Users\Administrator\Desktop\川沐十倍币筛选\data\archive_raw\futures-cm\fundingRate\AAVEUSD_PERP\no_interval\AAVEUSD_PERP-fundingRate-2025-01.zip,91,2510,yes,ms,ms:91,0,2025-01-01,2025-01-31,yes,0,0,0,0,0,2,ok,
futures-cm|fundingRate|CHZUSD_PERP||2025-11-01|2025-11-30,futures-cm,fundingRate,monthly,CHZUSD_PERP,2025-11-01,C:\Users\Administrator\Desktop\川沐十倍币筛选\data\archive_raw\futures-cm\fundingRate\CHZUSD_PERP\no_interval\CHZUSD_PERP-fundingRate-2025-11.zip,88,2427,yes,ms,ms:88,0,2025-11-01,2025-11-30,yes,0,0,0,0,0,0,ok,
futures-cm|fundingRate|GMTUSD_PERP||2025-01-01|2025-01-31,futures-cm,fundingRate,monthly,GMTUSD_PERP,2025-01-01,C:\Users\Administrator\Desktop\川沐十倍币筛选\data\archive_raw\futures-cm\fundingRate\GMTUSD_PERP\no_interval\GMTUSD_PERP-fundingRate-2025-01.zip,91,2524,yes,ms,ms:91,0,2025-01-01,2025-01-31,yes,0,0,0,0,0,16,ok,
futures-cm|fundingRate|SOLUSD_PERP||2025-04-01|2025-04-30,futures-cm,fundingRate,monthly,SOLUSD_PERP,2025-04-01,C:\Users\Administrator\Desktop\川沐十倍币筛选\data\archive_raw\futures-cm\fundingRate\SOLUSD_PERP\no_interval\SOLUSD_PERP-fundingRate-2025-04.zip,88,2476,yes,ms,ms:88,0,2025-04-01,2025-04-30,yes,0,0,0,0,0,49,ok,
futures|fundingRate|1000000MOGUSDT||2024-11-01|2024-11-30,futures-um,fundingRate,monthly,1000000MOGUSDT,2024-11-01,C:\Users\Administrator\Desktop\川沐十倍币筛选\data\archive_raw\futures\fundingRate\1000000MOGUSDT\no_interval\1000000MOGUSDT-fundingRate-2024-11.zip,140,3831,yes,ms,ms:140,0,2024-11-07,2024-11-30,yes,0,0,0,0,0,0,ok,
futures|fundingRate|CHRUSDT||2023-02-01|2023-02-28,futures-um,fundingRate,monthly,CHRUSDT,2023-02-01,C:\Users\Administrator\Desktop\川沐十倍币筛选\data\archive_raw\futures\fundingRate\CHRUSDT\no_interval\CHRUSDT-fundingRate-2023-02.zip,84,2320,yes,ms,ms:84,0,2023-02-01,2023-02-28,yes,0,0,0,0,0,1,ok,
futures|fundingRate|IMXUSDT||2022-12-01|2022-12-31,futures-um,fundingRate,monthly,IMXUSDT,2022-12-01,C:\Users\Administrator\Desktop\川沐十倍币筛选\data\archive_raw\futures\fundingRate\IMXUSDT\no_interval\IMXUSDT-fundingRate-2022-12.zip,93,2618,yes,ms,ms:93,0,2022-12-01,2022-12-31,yes,0,0,0,0,0,56,ok,
futures|fundingRate|RENDERUSDT||2024-10-01|2024-10-31,futures-um,fundingRate,monthly,RENDERUSDT,2024-10-01,C:\Users\Administrator\Desktop\川沐十倍币筛选\data\archive_raw\futures\fundingRate\RENDERUSDT\no_interval\RENDERUSDT-fundingRate-2024-10.zip,186,5088,yes,ms,ms:186,0,2024-10-01,2024-10-31,yes,0,0,0,0,0,19,ok,
futures|fundingRate|0GUSDT||2025-09-01|2025-09-30,futures-um,fundingRate,monthly,0GUSDT,2025-09-01,C:\Users\Administrator\Desktop\川沐十倍币筛选\data\archive_raw\futures\fundingRate\0GUSDT\no_interval\0GUSDT-fundingRate-2025-09.zip,233,6544,yes,ms,ms:233,0,2025-09-17,2025-09-30,yes,0,0,0,0,0,202,ok,
futures|fundingRate|COMBOUSDT||2025-05-01|2025-05-31,futures-um,fundingRate,monthly,COMBOUSDT,2025-05-01,C:\Users\Administrator\Desktop\川沐十倍币筛选\data\archive_raw\futures\fundingRate\COMBOUSDT\no_interval\COMBOUSDT-fundingRate-2025-05.zip,93,2562,yes,ms,ms:93,0,2025-05-01,2025-05-31,yes,0,0,0,0,0,0,ok,
futures|fundingRate|KDAUSDT||2025-10-01|2025-10-31,futures-um,fundingRate,monthly,KDAUSDT,2025-10-01,C:\Users\Administrator\Desktop\川沐十倍币筛选\data\archive_raw\futures\fundingRate\KDAUSDT\no_interval\KDAUSDT-fundingRate-2025-10.zip,186,5112,yes,ms,ms:186,0,2025-10-01,2025-10-31,yes,0,0,0,0,0,43,ok,
futures|fundingRate|RVVUSDT||2026-02-01|2026-02-28,futures-um,fundingRate,monthly,RVVUSDT,2026-02-01,C:\Users\Administrator\Desktop\川沐十倍币筛选\data\archive_raw\futures\fundingRate\RVVUSDT\no_interval\RVVUSDT-fundingRate-2026-02.zip,60,1675,yes,ms,ms:60,0,2026-02-01,2026-02-10,yes,0,0,0,0,0,4,ok,
futures|fundingRate|1000SHIBUSDT||2021-05-01|2021-05-31,futures-um,fundingRate,monthly,1000SHIBUSDT,2021-05-01,C:\Users\Administrator\Desktop\川沐十倍币筛选\data\archive_raw\futures\fundingRate\1000SHIBUSDT\no_interval\1000SHIBUSDT-fundingRate-2021-05.zip,64,1806,yes,ms,ms:64,0,2021-05-10,2021-05-31,yes,0,0,0,0,0,33,ok,
futures|fundingRate|CHZUSDT||2021-11-01|2021-11-30,futures-um,fundingRate,monthly,CHZUSDT,2021-11-01,C:\Users\Administrator\Desktop\川沐十倍币筛选\data\archive_raw\futures\fundingRate\CHZUSDT\no_interval\CHZUSDT-fundingRate-2021-11.zip,90,2481,yes,ms,ms:90,0,2021-11-01,2021-11-30,yes,0,0,0,0,0,0,ok,
futures|fundingRate|KAVAUSDT||2020-08-01|2020-08-31,futures-um,fundingRate,monthly,KAVAUSDT,2020-08-01,C:\Users\Administrator\Desktop\川沐十倍币筛选\data\archive_raw\futures\fundingRate\KAVAUSDT\no_interval\KAVAUSDT-fundingRate-2020-08.zip,93,2562,yes,ms,ms:93,0,2020-08-01,2020-08-31,yes,0,0,0,0,0,0,ok,
futures|fundingRate|SFPUSDT||2021-09-01|2021-09-30,futures-um,fundingRate,monthly,SFPUSDT,2021-09-01,C:\Users\Administrator\Desktop\川沐十倍币筛选\data\archive_raw\futures\fundingRate\SFPUSDT\no_interval\SFPUSDT-fundingRate-2021-09.zip,90,2482,yes,ms,ms:90,0,2021-09-01,2021-09-30,yes,0,0,0,0,0,1,ok,
futures|klines|ADAUSDT|1d|2024-01-15|2024-01-15,futures-um,klines,daily,ADAUSDT,2024-01-15,C:\Users\Administrator\Desktop\川沐十倍币筛选\data\archive_raw\futures\klines\ADAUSDT\1d\ADAUSDT-1d-2024-01-15.zip,1,234,yes,ms,ms:1,0,2024-01-15,2024-01-15,yes,0,0,0,0,0,0,ok,
futures|klines|ADAUSDT|1h|2024-01-01|2024-01-31,futures-um,klines,monthly,ADAUSDT,2024-01-01,C:\Users\Administrator\Desktop\川沐十倍币筛选\data\archive_raw\futures\klines\ADAUSDT\1h\ADAUSDT-1h-2024-01.zip,744,84749,yes,ms,ms:744,0,2024-01-01,2024-01-31,yes,0,0,0,0,0,0,ok,
futures|klines|ADAUSDT|1h|2024-01|2024-01,futures-um,klines,monthly,ADAUSDT,2024-01,C:\Users\Administrator\Desktop\川沐十倍币筛选\data\archive_raw\futures\klines\ADAUSDT\1h\ADAUSDT-1h-2024-01.zip,744,84749,yes,ms,ms:744,0,2024-01-01,2024-01-31,yes,0,0,0,0,0,0,ok,
futures|klines|ATOMUSDT|1h|2023-06-01|2023-06-30,futures-um,klines,monthly,ATOMUSDT,2023-06-01,C:\Users\Administrator\Desktop\川沐十倍币筛选\data\archive_raw\futures\klines\ATOMUSDT\1h\ATOMUSDT-1h-2023-06.zip,720,77559,yes,ms,ms:720,0,2023-06-01,2023-06-30,yes,0,0,0,0,0,0,ok,
futures|klines|ATOMUSDT|1h|2023-06|2023-06,futures-um,klines,monthly,ATOMUSDT,2023-06,C:\Users\Administrator\Desktop\川沐十倍币筛选\data\archive_raw\futures\klines\ATOMUSDT\1h\ATOMUSDT-1h-2023-06.zip,720,77559,yes,ms,ms:720,0,2023-06-01,2023-06-30,yes,0,0,0,0,0,0,ok,
futures|metrics|1000BTTCUSDT||2022-01-26|2022-01-26,futures-um,metrics,daily,1000BTTCUSDT,2022-01-26,C:\Users\Administrator\Desktop\川沐十倍币筛选\data\archive_raw\futures\metrics\1000BTTCUSDT\no_interval\1000BTTCUSDT-metrics-2022-01-26.zip,245,21738,yes,strdate,strdate:245,0,2022-01-26,2022-01-26,yes,0,0,0,735,0,0,ok,
futures|metrics|CHRUSDT||2022-01-10|2022-01-10,futures-um,metrics,daily,CHRUSDT,2022-01-10,C:\Users\Administrator\Desktop\川沐十倍币筛选\data\archive_raw\futures\metrics\CHRUSDT\no_interval\CHRUSDT-metrics-2022-01-10.zip,288,19763,yes,strdate,strdate:288,0,2022-01-10,2022-01-10,yes,0,0,0,1152,0,0,ok,
futures|metrics|HNTUSDT||2022-12-09|2022-12-09,futures-um,metrics,daily,HNTUSDT,2022-12-09,C:\Users\Administrator\Desktop\川沐十倍币筛选\data\archive_raw\futures\metrics\HNTUSDT\no_interval\HNTUSDT-metrics-2022-12-09.zip,288,27518,yes,strdate,strdate:288,0,2022-12-09,2022-12-09,yes,0,0,0,576,0,0,ok,
futures|metrics|RENUSDT||2022-02-07|2022-02-07,futures-um,metrics,daily,RENUSDT,2022-02-07,C:\Users\Administrator\Desktop\川沐十倍币筛选\data\archive_raw\futures\metrics\RENUSDT\no_interval\RENUSDT-metrics-2022-02-07.zip,288,24497,yes,strdate,strdate:288,0,2022-02-07,2022-02-07,yes,0,0,0,864,0,0,ok,
futures|metrics|1000SHIBUSDT||2021-12-01|2021-12-01,futures-um,metrics,daily,1000SHIBUSDT,2021-12-01,C:\Users\Administrator\Desktop\川沐十倍币筛选\data\archive_raw\futures\metrics\1000SHIBUSDT\no_interval\1000SHIBUSDT-metrics-2021-12-01.zip,288,38714,yes,strdate,strdate:288,0,2021-12-01,2021-12-01,yes,0,0,0,0,0,0,ok,
futures|metrics|BTCUSDT||2021-07-13|2021-07-13,futures-um,metrics,daily,BTCUSDT,2021-07-13,C:\Users\Administrator\Desktop\川沐十倍币筛选\data\archive_raw\futures\metrics\BTCUSDT\no_interval\BTCUSDT-metrics-2021-07-13.zip,288,30995,yes,strdate,strdate:288,0,2021-07-13,2021-07-13,yes,0,0,0,0,0,0,ok,
futures|metrics|GALAUSDT||2021-12-24|2021-12-24,futures-um,metrics,daily,GALAUSDT,2021-12-24,C:\Users\Administrator\Desktop\川沐十倍币筛选\data\archive_raw\futures\metrics\GALAUSDT\no_interval\GALAUSDT-metrics-2021-12-24.zip,287,37017,yes,strdate,strdate:287,0,2021-12-24,2021-12-24,yes,0,0,0,0,0,0,ok,
futures|metrics|RAYUSDT||2021-12-23|2021-12-23,futures-um,metrics,daily,RAYUSDT,2021-12-23,C:\Users\Administrator\Desktop\川沐十倍币筛选\data\archive_raw\futures\metrics\RAYUSDT\no_interval\RAYUSDT-metrics-2021-12-23.zip,288,35965,yes,strdate,strdate:288,0,2021-12-23,2021-12-23,yes,0,0,0,0,0,0,ok,
spot|klines|ADAUSDT|1d|2024-01-15|2024-01-15,spot,klines,daily,ADAUSDT,2024-01-15,C:\Users\Administrator\Desktop\川沐十倍币筛选\data\archive_raw\spot\klines\ADAUSDT\1d\ADAUSDT-1d-2024-01-15.zip,1,152,no,ms,ms:1,0,2024-01-15,2024-01-15,yes,0,0,0,0,0,0,ok,
spot|klines|ADAUSDT|1d|2022-06-01|2022-06-30,spot,klines,monthly,ADAUSDT,2022-06-01,C:\Users\Administrator\Desktop\川沐十倍币筛选\data\archive_raw\spot\klines\ADAUSDT\1d\ADAUSDT-1d-2022-06.zip,30,4669,no,ms,ms:30,0,2022-06-01,2022-06-30,yes,0,0,0,0,0,0,ok,
spot|klines|ADAUSDT|1h|2024-01|2024-01,spot,klines,monthly,ADAUSDT,2024-01,C:\Users\Administrator\Desktop\川沐十倍币筛选\data\archive_raw\spot\klines\ADAUSDT\1h\ADAUSDT-1h-2024-01.zip,744,109022,no,ms,ms:744,0,2024-01-01,2024-01-31,yes,0,0,0,0,0,0,ok,
spot|klines|ATOMUSDT|1h|2022-06-01|2022-06-30,spot,klines,monthly,ATOMUSDT,2022-06-01,C:\Users\Administrator\Desktop\川沐十倍币筛选\data\archive_raw\spot\klines\ATOMUSDT\1h\ATOMUSDT-1h-2022-06.zip,720,102760,no,ms,ms:720,0,2022-06-01,2022-06-30,yes,0,0,0,0,0,0,ok,
spot|klines|DOTUSDT|1d|2022-06|2022-06,spot,klines,monthly,DOTUSDT,2022-06,C:\Users\Administrator\Desktop\川沐十倍币筛选\data\archive_raw\spot\klines\DOTUSDT\1d\DOTUSDT-1d-2022-06.zip,30,4526,no,ms,ms:30,0,2022-06-01,2022-06-30,yes,0,0,0,0,0,0,ok,
futures|fundingRate|ALPACAUSDT||2024-08-01|2024-08-31,futures-um,fundingRate,monthly,ALPACAUSDT,2024-08-01,C:\Users\Administrator\Desktop\川沐十倍币筛选\data\archive_raw\futures\fundingRate\ALPACAUSDT\no_interval\ALPACAUSDT-fundingRate-2024-08.zip,57,1593,yes,ms,ms:57,0,2024-08-22,2024-08-31,yes,0,0,0,0,0,3,ok,
futures|fundingRate|ALPACAUSDT||2024-09-01|2024-09-30,futures-um,fundingRate,monthly,ALPACAUSDT,2024-09-01,C:\Users\Administrator\Desktop\川沐十倍币筛选\data\archive_raw\futures\fundingRate\ALPACAUSDT\no_interval\ALPACAUSDT-fundingRate-2024-09.zip,180,4925,yes,ms,ms:180,0,2024-09-01,2024-09-30,yes,0,0,0,0,0,14,ok,
futures|fundingRate|ALPACAUSDT||2024-10-01|2024-10-31,futures-um,fundingRate,monthly,ALPACAUSDT,2024-10-01,C:\Users\Administrator\Desktop\川沐十倍币筛选\data\archive_raw\futures\fundingRate\ALPACAUSDT\no_interval\ALPACAUSDT-fundingRate-2024-10.zip,186,5082,yes,ms,ms:186,0,2024-10-01,2024-10-31,yes,0,0,0,0,0,9,ok,
futures|fundingRate|ALPACAUSDT||2024-11-01|2024-11-30,futures-um,fundingRate,monthly,ALPACAUSDT,2024-11-01,C:\Users\Administrator\Desktop\川沐十倍币筛选\data\archive_raw\futures\fundingRate\ALPACAUSDT\no_interval\ALPACAUSDT-fundingRate-2024-11.zip,180,4911,yes,ms,ms:180,0,2024-11-01,2024-11-30,yes,0,0,0,0,0,0,ok,
