key,market,dataset,kind,era,symbol,period,special,path,status,selection_rule,snapshot_utc
futures-cm|fundingRate|AAVEUSD_PERP||2022-07-01|2022-07-31,futures-cm,fundingRate,monthly,mid,AAVEUSD_PERP,2022-07-01,normal,C:\Users\Administrator\Desktop\川沐十倍币筛选\data\archive_raw\futures-cm\fundingRate\AAVEUSD_PERP\no_interval\AAVEUSD_PERP-fundingRate-2022-07.zip,success,deterministic: 层内按键排序后等距取样（无随机数）,2026-10-06T11:06:07Z
futures-cm|fundingRate|CHZUSD_PERP||2022-12-01|2022-12-31,futures-cm,fundingRate,monthly,mid,CHZUSD_PERP,2022-12-01,normal,C:\Users\Administrator\Desktop\川沐十倍币筛选\data\archive_raw\futures-cm\fundingRate\CHZUSD_PERP\no_interval\CHZUSD_PERP-fundingRate-2022-12.zip,success,deterministic: 层内按键排序后等距取样（无随机数）,2026-10-06T11:06:07Z
futures-cm|fundingRate|GMTUSD_PERP||2022-07-01|2022-07-31,futures-cm,fundingRate,monthly,mid,GMTUSD_PERP,2022-07-01,normal,C:\Users\Administrator\Desktop\川沐十倍币筛选\data\archive_raw\futures-cm\fundingRate\GMTUSD_PERP\no_interval\GMTUSD_PERP-fundingRate-2022-07.zip,success,deterministic: 层内按键排序后等距取样（无随机数）,2026-10-06T11:06:07Z
futures-cm|fundingRate|SANDUSD_PERP||2022-08-01|2022-08-31,futures-cm,fundingRate,monthly,mid,SANDUSD_PERP,2022-08-01,normal,C:\Users\Administrator\Desktop\川沐十倍币筛选\data\archive_raw\futures-cm\fundingRate\SANDUSD_PERP\no_interval\SANDUSD_PERP-fundingRate-2022-08.zip,success,deterministic: 层内按键排序后等距取样（无随机数）,2026-10-06T11:06:07Z
futures-cm|fundingRate|AAVEUSD_PERP||2025-01-01|2025-01-31,futures-cm,fundingRate,monthly,new,AAVEUSD_PERP,2025-01-01,normal,C:\Users\Administrator\Desktop\川沐十倍币筛选\data\archive_raw\futures-cm\fundingRate\AAVEUSD_PERP\no_interval\AAVEUSD_PERP-fundingRate-2025-01.zip,success,deterministic: 层内按键排序后等距取样（无随机数）,2026-10-06T11:06:07Z
futures-cm|fundingRate|CHZUSD_PERP||2025-11-01|2025-11-30,futures-cm,fundingRate,monthly,new,CHZUSD_PERP,2025-11-01,normal,C:\Users\Administrator\Desktop\川沐十倍币筛选\data\archive_raw\futures-cm\fundingRate\CHZUSD_PERP\no_interval\CHZUSD_PERP-fundingRate-2025-11.zip,success,deterministic: 层内按键排序后等距取样（无随机数）,2026-10-06T11:06:07Z
futures-cm|fundingRate|GMTUSD_PERP||2025-01-01|2025-01-31,futures-cm,fundingRate,monthly,new,GMTUSD_PERP,2025-01-01,normal,C:\Users\Administrator\Desktop\川沐十倍币筛选\data\archive_raw\futures-cm\fundingRate\GMTUSD_PERP\no_interval\GMTUSD_PERP-fundingRate-2025-01.zip,success,deterministic: 层内按键排序后等距取样（无随机数）,2026-10-06T11:06:07Z
futures-cm|fundingRate|SOLUSD_PERP||2025-04-01|2025-04-30,futures-cm,fundingRate,monthly,new,SOLUSD_PERP,2025-04-01,normal,C:\Users\Administrator\Desktop\川沐十倍币筛选\data\archive_raw\futures-cm\fundingRate\SOLUSD_PERP\no_interval\SOLUSD_PERP-fundingRate-2025-04.zip,success,deterministic: 层内按键排序后等距取样（无随机数）,2026-10-06T11:06:07Z
futures|fundingRate|1000000MOGUSDT||2024-11-01|2024-11-30,futures-um,fundingRate,monthly,mid,1000000MOGUSDT,2024-11-01,normal,C:\Users\Administrator\Desktop\川沐十倍币筛选\data\archive_raw\futures\fundingRate\1000000MOGUSDT\no_interval\1000000MOGUSDT-fundingRate-2024-11.zip,success,deterministic: 层内按键排序后等距取样（无随机数）,2026-10-06T11:06:07Z
futures|fundingRate|CHRUSDT||2023-02-01|2023-02-28,futures-um,fundingRate,monthly,mid,CHRUSDT,2023-02-01,normal,C:\Users\Administrator\Desktop\川沐十倍币筛选\data\archive_raw\futures\fundingRate\CHRUSDT\no_interval\CHRUSDT-fundingRate-2023-02.zip,success,deterministic: 层内按键排序后等距取样（无随机数）,2026-10-06T11:06:07Z
futures|fundingRate|IMXUSDT||2022-12-01|2022-12-31,futures-um,fundingRate,monthly,mid,IMXUSDT,2022-12-01,normal,C:\Users\Administrator\Desktop\川沐十倍币筛选\data\archive_raw\futures\fundingRate\IMXUSDT\no_interval\IMXUSDT-fundingRate-2022-12.zip,success,deterministic: 层内按键排序后等距取样（无随机数）,2026-10-06T11:06:07Z
futures|fundingRate|RENDERUSDT||2024-10-01|2024-10-31,futures-um,fundingRate,monthly,mid,RENDERUSDT,2024-10-01,normal,C:\Users\Administrator\Desktop\川沐十倍币筛选\data\archive_raw\futures\fundingRate\RENDERUSDT\no_interval\RENDERUSDT-fundingRate-2024-10.zip,success,deterministic: 层内按键排序后等距取样（无随机数）,2026-10-06T11:06:07Z
futures|fundingRate|0GUSDT||2025-09-01|2025-09-30,futures-um,fundingRate,monthly,new,0GUSDT,2025-09-01,normal,C:\Users\Administrator\Desktop\川沐十倍币筛选\data\archive_raw\futures\fundingRate\0GUSDT\no_interval\0GUSDT-fundingRate-2025-09.zip,success,deterministic: 层内按键排序后等距取样（无随机数）,2026-10-06T11:06:07Z
futures|fundingRate|COMBOUSDT||2025-05-01|2025-05-31,futures-um,fundingRate,monthly,new,COMBOUSDT,2025-05-01,normal,C:\Users\Administrator\Desktop\川沐十倍币筛选\data\archive_raw\futures\fundingRate\COMBOUSDT\no_interval\COMBOUSDT-fundingRate-2025-05.zip,success,deterministic: 层内按键排序后等距取样（无随机数）,2026-10-06T11:06:07Z
futures|fundingRate|KDAUSDT||2025-10-01|2025-10-31,futures-um,fundingRate,monthly,new,KDAUSDT,2025-10-01,normal,C:\Users\Administrator\Desktop\川沐十倍币筛选\data\archive_raw\futures\fundingRate\KDAUSDT\no_interval\KDAUSDT-fundingRate-2025-10.zip,success,deterministic: 层内按键排序后等距取样（无随机数）,2026-10-06T11:06:07Z
futures|fundingRate|RVVUSDT||2026-02-01|2026-02-28,futures-um,fundingRate,monthly,new,RVVUSDT,2026-02-01,normal,C:\Users\Administrator\Desktop\川沐十倍币筛选\data\archive_raw\futures\fundingRate\RVVUSDT\no_interval\RVVUSDT-fundingRate-2026-02.zip,success,deterministic: 层内按键排序后等距取样（无随机数）,2026-10-06T11:06:07Z
futures|fundingRate|1000SHIBUSDT||2021-05-01|2021-05-31,futures-um,fundingRate,monthly,old,1000SHIBUSDT,2021-05-01,normal,C:\Users\Administrator\Desktop\川沐十倍币筛选\data\archive_raw\futures\fundingRate\1000SHIBUSDT\no_interval\1000SHIBUSDT-fundingRate-2021-05.zip,success,deterministic: 层内按键排序后等距取样（无随机数）,2026-10-06T11:06:07Z
futures|fundingRate|CHZUSDT||2021-11-01|2021-11-30,futures-um,fundingRate,monthly,old,CHZUSDT,2021-11-01,normal,C:\Users\Administrator\Desktop\川沐十倍币筛选\data\archive_raw\futures\fundingRate\CHZUSDT\no_interval\CHZUSDT-fundingRate-2021-11.zip,success,deterministic: 层内按键排序后等距取样（无随机数）,2026-10-06T11:06:07Z
futures|fundingRate|KAVAUSDT||2020-08-01|2020-08-31,futures-um,fundingRate,monthly,old,KAVAUSDT,2020-08-01,normal,C:\Users\Administrator\Desktop\川沐十倍币筛选\data\archive_raw\futures\fundingRate\KAVAUSDT\no_interval\KAVAUSDT-fundingRate-2020-08.zip,success,deterministic: 层内按键排序后等距取样（无随机数）,2026-10-06T11:06:07Z
futures|fundingRate|SFPUSDT||2021-09-01|2021-09-30,futures-um,fundingRate,monthly,old,SFPUSDT,2021-09-01,normal,C:\Users\Administrator\Desktop\川沐十倍币筛选\data\archive_raw\futures\fundingRate\SFPUSDT\no_interval\SFPUSDT-fundingRate-2021-09.zip,success,deterministic: 层内按键排序后等距取样（无随机数）,2026-10-06T11:06:07Z
futures|klines|ADAUSDT|1d|2024-01-15|2024-01-15,futures-um,klines,daily,mid,ADAUSDT,2024-01-15,normal,C:\Users\Administrator\Desktop\川沐十倍币筛选\data\archive_raw\futures\klines\ADAUSDT\1d\ADAUSDT-1d-2024-01-15.zip,skipped_complete,deterministic: 层内按键排序后等距取样（无随机数）,2026-10-06T11:06:07Z
futures|klines|ADAUSDT|1h|2024-01-01|2024-01-31,futures-um,klines,monthly,mid,ADAUSDT,2024-01-01,normal,C:\Users\Administrator\Desktop\川沐十倍币筛选\data\archive_raw\futures\klines\ADAUSDT\1h\ADAUSDT-1h-2024-01.zip,skipped_complete,deterministic: 层内按键排序后等距取样（无随机数）,2026-10-06T11:06:07Z
futures|klines|ADAUSDT|1h|2024-01|2024-01,futures-um,klines,monthly,mid,ADAUSDT,2024-01,normal,C:\Users\Administrator\Desktop\川沐十倍币筛选\data\archive_raw\futures\klines\ADAUSDT\1h\ADAUSDT-1h-2024-01.zip,skipped_complete,deterministic: 层内按键排序后等距取样（无随机数）,2026-10-06T11:06:07Z
futures|klines|ATOMUSDT|1h|2023-06-01|2023-06-30,futures-um,klines,monthly,mid,ATOMUSDT,2023-06-01,normal,C:\Users\Administrator\Desktop\川沐十倍币筛选\data\archive_raw\futures\klines\ATOMUSDT\1h\ATOMUSDT-1h-2023-06.zip,skipped_complete,deterministic: 层内按键排序后等距取样（无随机数）,2026-10-06T11:06:07Z
futures|klines|ATOMUSDT|1h|2023-06|2023-06,futures-um,klines,monthly,mid,ATOMUSDT,2023-06,normal,C:\Users\Administrator\Desktop\川沐十倍币筛选\data\archive_raw\futures\klines\ATOMUSDT\1h\ATOMUSDT-1h-2023-06.zip,skipped_complete,deterministic: 层内按键排序后等距取样（无随机数）,2026-10-06T11:06:07Z
futures|metrics|1000BTTCUSDT||2022-01-26|2022-01-26,futures-um,metrics,daily,mid,1000BTTCUSDT,2022-01-26,normal,C:\Users\Administrator\Desktop\川沐十倍币筛选\data\archive_raw\futures\metrics\1000BTTCUSDT\no_interval\1000BTTCUSDT-metrics-2022-01-26.zip,success,deterministic: 层内按键排序后等距取样（无随机数）,2026-10-06T11:06:07Z
futures|metrics|CHRUSDT||2022-01-10|2022-01-10,futures-um,metrics,daily,mid,CHRUSDT,2022-01-10,normal,C:\Users\Administrator\Desktop\川沐十倍币筛选\data\archive_raw\futures\metrics\CHRUSDT\no_interval\CHRUSDT-metrics-2022-01-10.zip,success,deterministic: 层内按键排序后等距取样（无随机数）,2026-10-06T11:06:07Z
futures|metrics|HNTUSDT||2022-12-09|2022-12-09,futures-um,metrics,daily,mid,HNTUSDT,2022-12-09,normal,C:\Users\Administrator\Desktop\川沐十倍币筛选\data\archive_raw\futures\metrics\HNTUSDT\no_interval\HNTUSDT-metrics-2022-12-09.zip,success,deterministic: 层内按键排序后等距取样（无随机数）,2026-10-06T11:06:07Z
futures|metrics|RENUSDT||2022-02-07|2022-02-07,futures-um,metrics,daily,mid,RENUSDT,2022-02-07,normal,C:\Users\Administrator\Desktop\川沐十倍币筛选\data\archive_raw\futures\metrics\RENUSDT\no_interval\RENUSDT-metrics-2022-02-07.zip,success,deterministic: 层内按键排序后等距取样（无随机数）,2026-10-06T11:06:07Z
futures|metrics|1000SHIBUSDT||2021-12-01|2021-12-01,futures-um,metrics,daily,old,1000SHIBUSDT,2021-12-01,normal,C:\Users\Administrator\Desktop\川沐十倍币筛选\data\archive_raw\futures\metrics\1000SHIBUSDT\no_interval\1000SHIBUSDT-metrics-2021-12-01.zip,success,deterministic: 层内按键排序后等距取样（无随机数）,2026-10-06T11:06:07Z
futures|metrics|BTCUSDT||2021-07-13|2021-07-13,futures-um,metrics,daily,old,BTCUSDT,2021-07-13,normal,C:\Users\Administrator\Desktop\川沐十倍币筛选\data\archive_raw\futures\metrics\BTCUSDT\no_interval\BTCUSDT-metrics-2021-07-13.zip,success,deterministic: 层内按键排序后等距取样（无随机数）,2026-10-06T11:06:07Z
futures|metrics|GALAUSDT||2021-12-24|2021-12-24,futures-um,metrics,daily,old,GALAUSDT,2021-12-24,normal,C:\Users\Administrator\Desktop\川沐十倍币筛选\data\archive_raw\futures\metrics\GALAUSDT\no_interval\GALAUSDT-metrics-2021-12-24.zip,success,deterministic: 层内按键排序后等距取样（无随机数）,2026-10-06T11:06:07Z
futures|metrics|RAYUSDT||2021-12-23|2021-12-23,futures-um,metrics,daily,old,RAYUSDT,2021-12-23,normal,C:\Users\Administrator\Desktop\川沐十倍币筛选\data\archive_raw\futures\metrics\RAYUSDT\no_interval\RAYUSDT-metrics-2021-12-23.zip,success,deterministic: 层内按键排序后等距取样（无随机数）,2026-10-06T11:06:07Z
spot|klines|ADAUSDT|1d|2024-01-15|2024-01-15,spot,klines,daily,mid,ADAUSDT,2024-01-15,normal,C:\Users\Administrator\Desktop\川沐十倍币筛选\data\archive_raw\spot\klines\ADAUSDT\1d\ADAUSDT-1d-2024-01-15.zip,skipped_complete,deterministic: 层内按键排序后等距取样（无随机数）,2026-10-06T11:06:07Z
spot|klines|ADAUSDT|1d|2022-06-01|2022-06-30,spot,klines,monthly,mid,ADAUSDT,2022-06-01,normal,C:\Users\Administrator\Desktop\川沐十倍币筛选\data\archive_raw\spot\klines\ADAUSDT\1d\ADAUSDT-1d-2022-06.zip,skipped_complete,deterministic: 层内按键排序后等距取样（无随机数）,2026-10-06T11:06:07Z
spot|klines|ADAUSDT|1h|2024-01|2024-01,spot,klines,monthly,mid,ADAUSDT,2024-01,normal,C:\Users\Administrator\Desktop\川沐十倍币筛选\data\archive_raw\spot\klines\ADAUSDT\1h\ADAUSDT-1h-2024-01.zip,skipped_complete,deterministic: 层内按键排序后等距取样（无随机数）,2026-10-06T11:06:07Z
spot|klines|ATOMUSDT|1h|2022-06-01|2022-06-30,spot,klines,monthly,mid,ATOMUSDT,2022-06-01,normal,C:\Users\Administrator\Desktop\川沐十倍币筛选\data\archive_raw\spot\klines\ATOMUSDT\1h\ATOMUSDT-1h-2022-06.zip,skipped_complete,deterministic: 层内按键排序后等距取样（无随机数）,2026-10-06T11:06:07Z
spot|klines|DOTUSDT|1d|2022-06|2022-06,spot,klines,monthly,mid,DOTUSDT,2022-06,normal,C:\Users\Administrator\Desktop\川沐十倍币筛选\data\archive_raw\spot\klines\DOTUSDT\1d\DOTUSDT-1d-2022-06.zip,skipped_complete,deterministic: 层内按键排序后等距取样（无随机数）,2026-10-06T11:06:07Z
futures|fundingRate|ALPACAUSDT||2024-08-01|2024-08-31,futures-um,fundingRate,monthly,mid,ALPACAUSDT,2024-08-01,delisted,C:\Users\Administrator\Desktop\川沐十倍币筛选\data\archive_raw\futures\fundingRate\ALPACAUSDT\no_interval\ALPACAUSDT-fundingRate-2024-08.zip,success,deterministic: 层内按键排序后等距取样（无随机数）,2026-10-06T11:06:07Z
futures|fundingRate|ALPACAUSDT||2024-09-01|2024-09-30,futures-um,fundingRate,monthly,mid,ALPACAUSDT,2024-09-01,delisted,C:\Users\Administrator\Desktop\川沐十倍币筛选\data\archive_raw\futures\fundingRate\ALPACAUSDT\no_interval\ALPACAUSDT-fundingRate-2024-09.zip,success,deterministic: 层内按键排序后等距取样（无随机数）,2026-10-06T11:06:07Z
futures|fundingRate|ALPACAUSDT||2024-10-01|2024-10-31,futures-um,fundingRate,monthly,mid,ALPACAUSDT,2024-10-01,delisted,C:\Users\Administrator\Desktop\川沐十倍币筛选\data\archive_raw\futures\fundingRate\ALPACAUSDT\no_interval\ALPACAUSDT-fundingRate-2024-10.zip,success,deterministic: 层内按键排序后等距取样（无随机数）,2026-10-06T11:06:07Z
futures|fundingRate|ALPACAUSDT||2024-11-01|2024-11-30,futures-um,fundingRate,monthly,mid,ALPACAUSDT,2024-11-01,delisted,C:\Users\Administrator\Desktop\川沐十倍币筛选\data\archive_raw\futures\fundingRate\ALPACAUSDT\no_interval\ALPACAUSDT-fundingRate-2024-11.zip,success,deterministic: 层内按键排序后等距取样（无随机数）,2026-10-06T11:06:07Z
