symbol,score,max_score,score_kline,score_deriv,deriv_status,deriv_as_of,has_futures,market_scope,extra_score,conditions_met,conditions,market_cap,spot_quote_volume,futures_quote_volume,okx_quote_volume,volume_cap_ratio,open_interest_value,oi_cap_ratio,funding_rate,percentage_24h,okx_contract,ls_source,box_width_pct,volume_ratio,vol_surge,c_trend,volume_4h_growth,volume_24h_growth,c_v24up,oi_chg_1d,hit_oi_1d,oi_chg_3d,hit_oi_3d,ls_top,ls_chg_3d,entry,stop,take_profit,breakout,extras_deferred,extra_conditions,hit_ls_top,c_breakout
GTC/USDT,13,18,6,7.0,ok,1791190800000.0,True,现货+合约,6,4,"收盘>EMA50,OI 1日增>10%,OI 3日增>20%,24h量增",18053183.0,30061409.970761,392081565.814396,0.0,1.665158436091907,11414048.126104,0.6322457444819564,-0.00396339,73.248,False,topLongShortPositionRatio,62.529981771083186,1.7593286306859388,1.0,1.0,0.6809801298039215,7.317918602515699,1.0,1.887361732059043,1.0,1.3846533750545271,1.0,1.032,0.0233000000000001,,,,False,False,"合约量>=现货量,市值<=5000万,成交量/市值>=60%,24h上涨,OI/市值>=30%",,
MUBARAK/USDT,13,18,6,7.0,ok,1791190800000.0,True,现货+合约,4,4,"收盘>EMA50,OI 1日增>10%,OI 3日增>20%,24h量增",74572735.0,28075924.766456,177915328.28834,0.0,0.37649047961639065,29924982.44104,0.4012858377936655,8.292e-05,13.728,True,topLongShortPositionRatio,19.16599839615077,0.7715846478083536,,1.0,2.539156536476461,3.676799413658086,1.0,0.2236727378610066,1.0,0.23262269084109266,1.0,3.2307,-0.9965999999999995,,,,False,False,"合约量>=现货量,市值<=1亿,币安+OKX合约,24h上涨,OI/市值>=30%",,
NIL/USDT,13,18,6,7.0,ok,1791190800000.0,True,现货+合约,2,4,"收盘>EMA50,OI 1日增>10%,OI 3日增>20%,24h量增",50703119.0,10627288.586722,83138269.324283,0.0,0.20959832050414887,9954888.35047,0.1963368042599115,5e-05,12.349,False,topLongShortPositionRatio,24.290974226291176,0.8030276333186925,,1.0,0.629153776804422,4.214982613439921,1.0,0.3588281769966797,1.0,0.39377243233357384,1.0,1.3955,-0.6652000000000002,,,,False,False,"合约量>=现货量,市值<=1亿,24h上涨",,
ORCA/USDT,13,18,6,7.0,ok,1791190800000.0,True,现货+合约,1,4,"收盘>EMA50,OI 1日增>10%,OI 3日增>20%,24h量增",121312746.0,12315513.07079,49260341.1897,0.0,0.10151870662288034,5586780.3439,0.046052706975242316,-0.00145683,8.501,False,topLongShortPositionRatio,22.35649546827794,0.4617808518572381,,1.0,0.5959966360357005,9.922421499792444,1.0,0.3674405034491024,1.0,0.4026305308253728,1.0,1.0834,-0.7708000000000002,,,,False,False,"合约量>=现货量,24h上涨",,
STRK/USDT,12,18,5,7.0,ok,1791190800000.0,True,现货+合约,2,3,"收盘>EMA50,OI 1日增>10%,OI 3日增>20%",430152185.0,20373282.0967693,212458030.669111,0.0,0.04736296317260204,23752269.045288,0.05521829220811235,5e-05,6.869,True,topLongShortPositionRatio,13.976311336717423,0.6643588772821061,,1.0,0.6873371630804977,0.7821175473556098,,0.20376319780571284,1.0,1.0272852441508902,1.0,1.423,-0.6595999999999997,,,,False,False,"合约量>=现货量,币安+OKX合约,24h上涨",,
BEAMX/USDT,12,18,6,6.0,ok,1791190800000.0,True,现货+合约,1,4,"收盘>EMA50,OI 3日增>20%,大户持仓多空比<1,24h量增",,17363498.871899,169787866.122285,0.0,,11505107.32404,,5e-05,-11.878,False,topLongShortPositionRatio,25.93614505321246,0.5547045964582025,,1.0,2.1246617279629514,2.6237350855700865,1.0,-0.16841311024653882,,0.48250094296270696,1.0,0.9362,-0.42489999999999994,,,,False,False,合约量>=现货量,1.0,
PENGU/USDT,10,18,6,4.0,ok,1791190800000.0,True,现货+合约,2,3,"收盘>EMA50,OI 1日增>10%,24h量增",622305592.0,15626073.057978,82314124.517445,0.0,0.02510996728754769,38043428.661875,0.061133033594650714,5e-05,6.895,True,topLongShortPositionRatio,8.86564435868793,1.3586890795885957,,1.0,0.7398160785084728,2.3814576540019257,1.0,0.1479028878447184,1.0,0.04612963847227536,,2.685,-0.6688000000000001,,,,False,False,"合约量>=现货量,币安+OKX合约,24h上涨",,
VIRTUAL/USDT,10,18,6,4.0,ok,1791190800000.0,True,现货+合约,2,3,"收盘>EMA50,OI 1日增>10%,24h量增",580838254.0,15553604.98926,57333918.82883,0.0,0.02677785920976892,20535642.6106,0.035355182736638416,5e-05,11.082,True,topLongShortPositionRatio,11.324834964716597,1.111555727671983,,1.0,0.6258715879968694,3.237061054115473,1.0,0.20204861455073297,1.0,0.1380243687344429,,2.7882,-0.2280000000000002,,,,False,False,"合约量>=现货量,币安+OKX合约,24h上涨",,
SAND/USDT,8,18,5,3.0,ok,1791190800000.0,True,现货+合约,2,2,"收盘>EMA50,OI 3日增>20%",214320214.0,22839523.0795,313302458.72257,0.0,0.106567283847057,27252011.82725,0.12715558331446047,-0.00077818,-1.542,True,topLongShortPositionRatio,14.293575457421943,0.7344880343860861,,1.0,0.8707832882430571,0.6588245791453144,,-0.10478613318587338,,0.5351159620678898,1.0,1.2125,-0.3944000000000001,,,,False,False,"合约量>=现货量,币安+OKX合约",,
ZRO/USDT,8,18,5,3.0,ok,1791190800000.0,True,现货+合约,2,2,"收盘>EMA50,OI 3日增>20%",1239126709.0,16008068.12848,61526916.14127,0.0,0.012918830666961275,49956881.342700005,0.040316200901694875,5e-05,-3.029,True,topLongShortPositionRatio,8.904810644831112,0.7956365341793411,,1.0,0.9433769279369626,0.47492215545360733,,-0.07333458194374831,,0.213767481114143,1.0,4.6847,-0.13819999999999943,,,,False,False,"合约量>=现货量,币安+OKX合约",,
PEPE/USDT,8,18,8,,no_futures,,False,仅现货,1,3,"收盘>EMA50,突破箱体,24h量增",1899048853.0,25346603.12276012,0.0,0.0,0.01334699898989914,,,,5.14,True,,5.530973451327437,3.1921995562518357,1.0,1.0,1.0443897222120397,2.1089227559519355,1.0,,,,,,,4.52e-06,4.48745e-06,4.5851e-06,True,False,"币安+OKX合约,24h上涨",,1.0
MOVR/USDT,7,18,7,0.0,ok,1791190800000.0,True,现货+合约,4,2,"收盘>EMA50,突破箱体",27988928.0,12345900.737069,80743252.674214,0.0,0.4410994496491255,12081209.622874001,0.4316424560052461,8.89e-06,22.885,False,topLongShortPositionRatio,16.699123661148978,5.180890689073653,1.0,1.0,4.298422741270901,0.6786136669381027,,0.08447425298225619,,-0.24793310129648782,,1.4249,0.28469999999999995,2.054,1.98801,2.1859799999999994,True,False,"合约量>=现货量,市值<=5000万,24h上涨,OI/市值>=30%",,1.0
TRUMP/USDT,6,18,6,0.0,ok,1791190800000.0,True,现货+合约,2,2,"收盘>EMA50,24h量增",582058470.0,14723418.870811,66469121.48068,0.0,0.02529542929048176,60734488.838099994,0.10434430897998957,5e-05,1.574,True,topLongShortPositionRatio,3.680387409200972,0.6839196193184164,,1.0,0.7652667765731701,1.297243176085967,1.0,0.00860687678137273,,-0.03871797977328362,,2.2467,0.02770000000000028,,,,False,False,"合约量>=现货量,币安+OKX合约,24h上涨",,
ARB/USDT,6,18,6,0.0,ok,1791190800000.0,True,现货+合约,2,2,"收盘>EMA50,24h量增",1393920747.0,10449742.223,66388574.364497,0.0,0.007496654487344393,60040687.0651,0.04307324300489804,9.424e-05,2.09,True,topLongShortPositionRatio,5.029296875000002,2.7269034161472105,1.0,1.0,1.513189866367241,1.191777334992098,1.0,-0.010863585360562755,,-0.03404214829180696,,1.9748,0.06400000000000006,,,,False,False,"合约量>=现货量,币安+OKX合约,24h上涨",,
ASTER/USDT,6,18,6,0.0,ok,1791190800000.0,True,现货+合约,2,2,"收盘>EMA50,24h量增",1964023172.0,12470972.096235,47993574.3927,0.0,0.006349707210193241,94248463.2384,0.04798744973177944,5e-05,1.245,True,topLongShortPositionRatio,3.383510564839106,0.8574723272547491,,1.0,1.5664473613593488,1.421204538214764,1.0,0.048553136640233197,,0.024469448728691834,,3.9984,0.07279999999999998,,,,False,False,"合约量>=现货量,币安+OKX合约,24h上涨",,
ACE/USDT,6,18,6,0.0,ok,1791190800000.0,True,现货+合约,5,2,"收盘>EMA50,24h量增",21535833.0,22690137.87966,11589477.589658,0.0,1.0535992677719965,7161185.248577801,0.332524181840461,5e-05,1.011,False,topLongShortPositionRatio,6.909282700421941,0.205495360996042,,1.0,12.049068331129734,3.9419164891340484,1.0,0.010969601588682432,,0.014283529832359143,,2.039,0.31700000000000017,,,,False,False,"市值<=5000万,成交量/市值>=60%,24h上涨,OI/市值>=30%",,
U/USDT,6,18,6,,no_futures,,False,仅现货,0,2,"收盘>EMA50,24h量增",1558296947.0,13434534.9173,0.0,0.0,0.00862129322858771,,,,0.01,False,,0.040020010005009196,1.6706190209722307,1.0,1.0,0.5562787321163097,1.075482265095209,1.0,,,,,,,,,,False,False,24h上涨,,
EUR/USDT,1,18,1,,no_futures,,False,仅现货,0,1,24h量增,,11508388.56627,0.0,0.0,,,,,-0.284,False,,0.8472308927138201,2.087220999348796,1.0,,0.9926155857700754,2.8172988875256215,1.0,,,,,,,,,,False,False,无,,
ICP/USDT,0,18,0,0.0,ok,1791190800000.0,True,现货+合约,2,0,无,1841520687.0,9429613.28061,29189455.252,0.0,0.005120557888476222,,,,-1.431,True,topLongShortPositionRatio,6.731352334748332,0.8444653176341467,,,0.4666405569323641,0.9645608464534525,,0.021978008611902133,,0.051336624452768875,,3.2867,-0.6635999999999997,,,,False,True,"合约量>=现货量,币安+OKX合约",,
MARSCOIN/USDT,0,18,0,0.0,ok,1791190800000.0,True,现货+合约,1,0,无,110511911.0,8837390.33097,28553878.87877,0.0,0.07996776321214824,,,,0.09,False,topLongShortPositionRatio,9.02527075812274,2.4236622499356772,1.0,,1.4978666244071954,0.9239347126788579,,-0.010888337459458497,,-0.12096767161329336,,2.645,-0.4163999999999999,,,,False,True,"合约量>=现货量,24h上涨",,
